[
	{
		"from":"Birmingham",
		"to":"Aberdeen",
		"stops":[
			{
				"city":"Preston"
			},{
				"city":"Lancaster"
			},{
				"city":"Glasgow"
			},{
				"city":"Perth"
			},{
				"city":"Dundee"
			}
		]
	},{
		"from":"Birmingham",
		"to":"Amiens",
		"stops":[
			{
				"city":"Conventry"
			},{
				"city":"London"
			}
		]
	},{
		"from":"Birmingham",
		"to":"Amsterdam",
		"stops":[
			{
				"city":"Coventry"
			},{
				"city":"London"
			},{
				"city":"Lille"
			},{
				"city":"Gent"
			},{
				"city":"Antwerp"
			},{
				"city":"Rotterdam"
			}
		]
	},{
		"from":"Birmingham",
		"to":"Antwerp",
		"stops":[
			{
				"city":"Coventry"
			},{
				"city":"London"
			},{
				"city":"Lille"
			},{
				"city":"Gent"
			}
		]
	},{
		"from":"Birmingham",
		"to":"Aviemore",
		"stops":[
			{
				"city":"Preston"
			},{
				"city":"Lancaster"
			},{
				"city":"Glasgow"
			},{
				"city":"Perth"
			},{
				"city":"Pitlochry"
			}
		]
	},{
		"from":"Birmingham",
		"to":"Barcelona",
		"stops":[
			{
				"city":"Coventry"
			},{
				"city":"London"
			},{
				"city":"Amiens"
			},{
				"city":"Paris"
			},{
				"city":"Limoges"
			},{
				"city":"Brive-la-Gaillarde"
			},{
				"city":"Toulouse"
			}
		]
	},{
		"from":"Birmingham",
		"to":"Bournemouth",
		"stops":[
			{
				"city":"Coventry"
			},{
				"city":"Oxford"
			},{
				"city":"Southampton"
			}
		]
	},{
		"from":"Birmingham",
		"to":"Bristol"
	},{
		"from":"Birmingham",
		"to":"Brive-la-Gaillarde",
		"stops":[
			{
				"city":"Coventry"
			},{
				"city":"London"
			},{
				"city":"Amiens"
			},{
				"city":"Paris"
			},{
				"city":"Limoges"
			}
		]
	},{
		"from":"Birmingham",
		"to":"Brussels",
		"stops":[
			{
				"city":"Coventry"
			},{
				"city":"London"
			},{
				"city":"Gent"
			}
		]
	},{
		"from":"Birmingham",
		"to":"Campbeltown"
	},{
		"from":"Birmingham",
		"to":"Cardiff"
	},{
		"from":"Birmingham",
		"to":"Cologne"
	},{
		"from":"Birmingham",
		"to":"Coventry"
	},{
		"from":"Birmingham",
		"to":"Cwmbran"
	},{
		"from":"Birmingham",
		"to":"Dundee"
	},{
		"from":"Birmingham",
		"to":"Edinburgh"
	},{
		"from":"Birmingham",
		"to":"Exeter"
	},{
		"from":"Birmingham",
		"to":"Gent",
		"stops":[
			{
				"city":"Coventry"
			},{
				"city":"London"
			},{
				"city":"Lille"
			}
		]
	},{
		"from":"Birmingham",
		"to":"Glasgow"
	},{
		"from":"Birmingham",
		"to":"Inverness"
	},{
		"from":"Birmingham",
		"to":"Lancaster"
	},{
		"from":"Birmingham",
		"to":"Leeds"
	},{
		"from":"Birmingham",
		"to":"Lille",
		"stops":[
			{
				"city":"Coventry"
			},{
				"city":"London"
			}
		]
	},{
		"from":"Birmingham",
		"to":"Limoges"
	},{
		"from":"Birmingham",
		"to":"Liverpool"
	},{
		"from":"Birmingham",
		"to":"Lochgilphead"
	},{
		"from":"Birmingham",
		"to":"London"
	},{
		"from":"Birmingham",
		"to":"Lyon"
	},{
		"from":"Birmingham",
		"to":"Manchester"
	},{
		"from":"Birmingham",
		"to":"Middlesbrough"
	},{
		"from": "Birmingham",
		"to": "Milan",
		"stops":[
			{
				"city":"Coventry"
			},{
				"city":"London"
			},{
				"city":"Lille"
			},{
				"city":"Paris"
			},{
				"city":"Lyon"
			},{
				"city":"Turin"
			}
		]
	},{
		"from":"Birmingham",
		"to":"Newcastle"
	},{
		"from":"Birmingham",
		"to":"Oban"
	},{
		"from":"Birmingham",
		"to":"Oxford"
	},{
		"from":"Birmingham",
		"to":"Paris",
		"stops":[
			{
				"city":"Coventry"
			},{
				"city":"London"
			},{
				"city":"Amiens"
			},{
				"city":"Paris"
			}
		]
	},{
		"from":"Birmingham",
		"to":"Perth"
	},{
		"from":"Birmingham",
		"to":"Pitlochry"
	},{
		"from":"Birmingham",
		"to":"Plymouth"
	},{
		"from":"Birmingham",
		"to":"Poole"
	},{
		"from":"Birmingham",
		"to":"Portsmouth"
	},{
		"from":"Birmingham",
		"to":"Preston"
	},{
		"from":"Birmingham",
		"to":"Rotterdam",
		"stops": [
			{
				"city":"Coventry"
			},{
				"city":"London"
			},{
				"city":"Lille"
			},{
				"city":"Gent"
			},{
				"city":"Antwerp"
			}
		]
	},{
		"from":"Birmingham",
		"to":"Rugby"
	},{
		"from":"Birmingham",
		"to":"Sheffield"
	},{
		"from":"Birmingham",
		"to":"Silverstone"
	},{
		"from":"Birmingham",
		"to":"Southampton"
	},{
		"from":"Birmingham",
		"to":"Southampton Airport"
	},{
		"from":"Birmingham",
		"to":"Sunderland"
	},{
		"from":"Birmingham",
		"to":"Swansea"
	},{
		"from":"Birmingham",
		"to":"Tarbert"
	},{
		"from":"Birmingham",
		"to":"Toulouse"
	},{
		"from":"Birmingham",
		"to":"Turin"
	}
]